payment_id,raw_failure_reason,taxonomy,feature_support_score,compatibility_allowed,v1_pre_gate_action,v2_pre_gate_action,v1_post_gate_action,v2_post_gate_action,post_gate_agreement,v1_probability_margin,v2_probability_margin,v2_expected_value_margin_inr,v2_margin_fallback_triggered,v1_probabilities,v2_probabilities,executed
pay_TTzN0OLZSPkJlw,payment_failed,unknown,0.66666667,False,escalate_to_merchant,escalate_to_merchant,escalate_to_merchant,escalate_to_merchant,True,0.01128717,0.01003319,,False,"{""escalate_to_merchant"": 0.12145425379276276, ""payment_link"": 0.20210981369018555, ""retry_payment"": 0.19625386595726013, ""whatsapp_reminder"": 0.21339698135852814}","{""escalate_to_merchant"": 0.13753612339496613, ""payment_link"": 0.22134488821029663, ""retry_payment"": 0.22773377597332, ""whatsapp_reminder"": 0.23776696622371674}",False
pay_TTzoCdx337ZJ6c,payment_failed,unknown,0.66666667,False,escalate_to_merchant,escalate_to_merchant,escalate_to_merchant,escalate_to_merchant,True,0.01491953,0.01323463,,False,"{""escalate_to_merchant"": 0.12447820603847504, ""payment_link"": 0.16191382706165314, ""retry_payment"": 0.1635330617427826, ""whatsapp_reminder"": 0.17845259606838226}","{""escalate_to_merchant"": 0.14471180737018585, ""payment_link"": 0.17536847293376923, ""retry_payment"": 0.185282364487648, ""whatsapp_reminder"": 0.19851699471473694}",False
pay_TTzrI56LOYxOqB,payment_failed,unknown,0.66666667,False,escalate_to_merchant,escalate_to_merchant,escalate_to_merchant,escalate_to_merchant,True,0.01478189,0.01320790,,False,"{""escalate_to_merchant"": 0.12295560538768768, ""payment_link"": 0.16001704335212708, ""retry_payment"": 0.16162094473838806, ""whatsapp_reminder"": 0.17640283703804016}","{""escalate_to_merchant"": 0.13943250477313995, ""payment_link"": 0.1769980490207672, ""retry_payment"": 0.1847870945930481, ""whatsapp_reminder"": 0.19799499213695526}",False
pay_TTzrfniPmsoCOc,payment_failed,unknown,0.66666667,False,escalate_to_merchant,escalate_to_merchant,escalate_to_merchant,escalate_to_merchant,True,0.01616628,0.01652980,,False,"{""escalate_to_merchant"": 0.1227707639336586, ""payment_link"": 0.17966587841510773, ""retry_payment"": 0.18142421543598175, ""whatsapp_reminder"": 0.19759050011634827}","{""escalate_to_merchant"": 0.17119289934635162, ""payment_link"": 0.24743211269378662, ""retry_payment"": 0.254397451877594, ""whatsapp_reminder"": 0.2709272503852844}",False
pay_TTzsBGJmxDJpi2,payment_failed,unknown,0.66666667,False,escalate_to_merchant,escalate_to_merchant,escalate_to_merchant,escalate_to_merchant,True,0.01285154,0.01593409,,False,"{""escalate_to_merchant"": 0.10952001810073853, ""payment_link"": 0.18157623708248138, ""retry_payment"": 0.17846287786960602, ""whatsapp_reminder"": 0.19442777335643768}","{""escalate_to_merchant"": 0.1184387356042862, ""payment_link"": 0.19694870710372925, ""retry_payment"": 0.1990019828081131, ""whatsapp_reminder"": 0.21493607759475708}",False
pay_TTzsnvTRNmprU6,payment_failed,unknown,0.66666667,False,escalate_to_merchant,escalate_to_merchant,escalate_to_merchant,escalate_to_merchant,True,0.01313202,0.01134284,,False,"{""escalate_to_merchant"": 0.11297004669904709, ""payment_link"": 0.1868198812007904, ""retry_payment"": 0.18363681435585022, ""whatsapp_reminder"": 0.1999519020318985}","{""escalate_to_merchant"": 0.11469556391239166, ""payment_link"": 0.19752302765846252, ""retry_payment"": 0.19327092170715332, ""whatsapp_reminder"": 0.20886586606502533}",False
pay_TTzuLw11Wl28Cb,payment_failed,unknown,0.66666667,False,escalate_to_merchant,escalate_to_merchant,escalate_to_merchant,escalate_to_merchant,True,0.01178265,0.01572843,,False,"{""escalate_to_merchant"": 0.11960171908140182, ""payment_link"": 0.2624896168708801, ""retry_payment"": 0.2507069706916809, ""whatsapp_reminder"": 0.2446318417787552}","{""escalate_to_merchant"": 0.10418813675642014, ""payment_link"": 0.20153853297233582, ""retry_payment"": 0.1970961093902588, ""whatsapp_reminder"": 0.2172669619321823}",False
pay_TTzuvw8lrLFQQk,payment_failed,unknown,0.66666667,False,escalate_to_merchant,escalate_to_merchant,escalate_to_merchant,escalate_to_merchant,True,0.00986990,0.01110947,,False,"{""escalate_to_merchant"": 0.11348465830087662, ""payment_link"": 0.25066009163856506, ""retry_payment"": 0.2359839379787445, ""whatsapp_reminder"": 0.24079018831253052}","{""escalate_to_merchant"": 0.14142383635044098, ""payment_link"": 0.3129379153251648, ""retry_payment"": 0.2914601266384125, ""whatsapp_reminder"": 0.32404738664627075}",False
pay_TTzvElq9pegpF7,payment_failed,unknown,0.66666667,False,escalate_to_merchant,escalate_to_merchant,escalate_to_merchant,escalate_to_merchant,True,0.01125821,0.01943332,,False,"{""escalate_to_merchant"": 0.22762352228164673, ""payment_link"": 0.39010652899742126, ""retry_payment"": 0.37771978974342346, ""whatsapp_reminder"": 0.3788483142852783}","{""escalate_to_merchant"": 0.33119696378707886, ""payment_link"": 0.4490918815135956, ""retry_payment"": 0.4379788041114807, ""whatsapp_reminder"": 0.4685252010822296}",False
pay_TTzveoLeMJ1uLJ,payment_failed,unknown,0.66666667,False,escalate_to_merchant,escalate_to_merchant,escalate_to_merchant,escalate_to_merchant,True,0.03563276,0.05452031,,False,"{""escalate_to_merchant"": 0.25919392704963684, ""payment_link"": 0.5016638040542603, ""retry_payment"": 0.4660310447216034, ""whatsapp_reminder"": 0.43777355551719666}","{""escalate_to_merchant"": 0.32076361775398254, ""payment_link"": 0.5345337986946106, ""retry_payment"": 0.47735878825187683, ""whatsapp_reminder"": 0.48001348972320557}",False
pay_TTzwMbypycmexA,payment_failed,unknown,0.66666667,False,escalate_to_merchant,escalate_to_merchant,escalate_to_merchant,escalate_to_merchant,True,0.04939079,0.04053345,,False,"{""escalate_to_merchant"": 0.20288793742656708, ""payment_link"": 0.42925071716308594, ""retry_payment"": 0.37985992431640625, ""whatsapp_reminder"": 0.37747541069984436}","{""escalate_to_merchant"": 0.24325159192085266, ""payment_link"": 0.4609616994857788, ""retry_payment"": 0.4031921327114105, ""whatsapp_reminder"": 0.42042824625968933}",False
pay_TTzyW8wcy0qWse,payment_failed,unknown,0.66666667,False,escalate_to_merchant,escalate_to_merchant,escalate_to_merchant,escalate_to_merchant,True,0.00696458,0.00431371,,False,"{""escalate_to_merchant"": 0.11043836176395416, ""payment_link"": 0.2486543208360672, ""retry_payment"": 0.23614996671676636, ""whatsapp_reminder"": 0.2416897416114807}","{""escalate_to_merchant"": 0.12989914417266846, ""payment_link"": 0.27426379919052124, ""retry_payment"": 0.2653825283050537, ""whatsapp_reminder"": 0.2785775065422058}",False
pay_TTzyz1qnbsfavy,payment_failed,unknown,0.66666667,False,escalate_to_merchant,escalate_to_merchant,escalate_to_merchant,escalate_to_merchant,True,0.01844385,0.02052212,,False,"{""escalate_to_merchant"": 0.1673966646194458, ""payment_link"": 0.3246435225009918, ""retry_payment"": 0.30619966983795166, ""whatsapp_reminder"": 0.304644376039505}","{""escalate_to_merchant"": 0.27703025937080383, ""payment_link"": 0.46206265687942505, ""retry_payment"": 0.41693899035453796, ""whatsapp_reminder"": 0.44154053926467896}",False
pay_TTzzSKykOjNfTd,payment_failed,unknown,0.66666667,False,escalate_to_merchant,escalate_to_merchant,escalate_to_merchant,escalate_to_merchant,True,0.00604662,0.00927746,,False,"{""escalate_to_merchant"": 0.21239928901195526, ""payment_link"": 0.34889158606529236, ""retry_payment"": 0.3500596284866333, ""whatsapp_reminder"": 0.3561062514781952}","{""escalate_to_merchant"": 0.22723625600337982, ""payment_link"": 0.397760272026062, ""retry_payment"": 0.3705504536628723, ""whatsapp_reminder"": 0.40703773498535156}",False
pay_TTzzmj9p64Q1VR,payment_failed,unknown,0.66666667,False,escalate_to_merchant,escalate_to_merchant,escalate_to_merchant,escalate_to_merchant,True,0.03747794,0.02738890,,False,"{""escalate_to_merchant"": 0.20948836207389832, ""payment_link"": 0.4338546693325043, ""retry_payment"": 0.3917960822582245, ""whatsapp_reminder"": 0.39637672901153564}","{""escalate_to_merchant"": 0.2619929015636444, ""payment_link"": 0.49699124693870544, ""retry_payment"": 0.4332326650619507, ""whatsapp_reminder"": 0.4696023464202881}",False
pay_TU00SeO9wICDuM,payment_failed,unknown,0.66666667,False,escalate_to_merchant,escalate_to_merchant,escalate_to_merchant,escalate_to_merchant,True,0.03478518,0.05009446,,False,"{""escalate_to_merchant"": 0.21833224594593048, ""payment_link"": 0.4386916756629944, ""retry_payment"": 0.4039064943790436, ""whatsapp_reminder"": 0.38057741522789}","{""escalate_to_merchant"": 0.3070647418498993, ""payment_link"": 0.5292928218841553, ""retry_payment"": 0.4648791253566742, ""whatsapp_reminder"": 0.4791983664035797}",False
pay_TU00uzIaSaRONQ,payment_failed,unknown,0.66666667,False,escalate_to_merchant,escalate_to_merchant,escalate_to_merchant,escalate_to_merchant,True,0.01092231,0.01175871,,False,"{""escalate_to_merchant"": 0.2092915028333664, ""payment_link"": 0.3892762064933777, ""retry_payment"": 0.3685985803604126, ""whatsapp_reminder"": 0.37835389375686646}","{""escalate_to_merchant"": 0.23795227706432343, ""payment_link"": 0.47527384757995605, ""retry_payment"": 0.43116676807403564, ""whatsapp_reminder"": 0.46351513266563416}",False
pay_TU01Ieq86SY6JV,payment_failed,unknown,0.66666667,False,escalate_to_merchant,escalate_to_merchant,escalate_to_merchant,escalate_to_merchant,True,0.02150208,0.00225931,,False,"{""escalate_to_merchant"": 0.191133052110672, ""payment_link"": 0.3697432279586792, ""retry_payment"": 0.3428352177143097, ""whatsapp_reminder"": 0.3482411503791809}","{""escalate_to_merchant"": 0.286618709564209, ""payment_link"": 0.48985257744789124, ""retry_payment"": 0.4766034781932831, ""whatsapp_reminder"": 0.4921118915081024}",False
pay_TU021EuPKxaOmB,payment_failed,unknown,0.66666667,False,escalate_to_merchant,escalate_to_merchant,escalate_to_merchant,escalate_to_merchant,True,0.00558919,0.01494247,,False,"{""escalate_to_merchant"": 0.1740632951259613, ""payment_link"": 0.309331476688385, ""retry_payment"": 0.2981729805469513, ""whatsapp_reminder"": 0.30374228954315186}","{""escalate_to_merchant"": 0.24750582873821259, ""payment_link"": 0.4556207060813904, ""retry_payment"": 0.4121920168399811, ""whatsapp_reminder"": 0.4406782388687134}",False
pay_TU07FVObp3Yn4H,payment_failed,unknown,0.66666667,False,escalate_to_merchant,escalate_to_merchant,escalate_to_merchant,escalate_to_merchant,True,0.02847135,0.02245107,,False,"{""escalate_to_merchant"": 0.25370684266090393, ""payment_link"": 0.46729275584220886, ""retry_payment"": 0.42979297041893005, ""whatsapp_reminder"": 0.438821405172348}","{""escalate_to_merchant"": 0.3017798662185669, ""payment_link"": 0.5117242336273193, ""retry_payment"": 0.45926496386528015, ""whatsapp_reminder"": 0.48927316069602966}",False
